Source_id,Sentence_en
1,and you that you want to draw an errory in a project.
2,"""Having I have given a word of the Lord, that I had not this,, that they had given to the faith, which is given to righteousness."""
3,"Then, I will not click on Load and then I will click click click click."
4,"The Spoken Tutorial Projects the Cent to , to set the values of this tutorial, type: 1, 1,"
5,"""And, he, hath poured this,, saying, or will come, and his will."""
6,We are now to enter into the  dimensional array.
7,Child has trust in you all.
8,You can also necessary this by any positive in his duration.
9,"""For God hath God a man of his,, and ye believed, because it was with the truth, which was the, of his, which were the righteousness."""
10,"""Teak in the water of water, the water, water does not water."""
11,They both will book.
12,Paternal grandfather from from fromka.
13,"Switch back to the back page, click on the tab or at the top of of the tab, click on the tab plus."
14,The Align and Distribute operations on the Fill-s are aligned to the the
15,Click on the drop-click on the top right corner.
16,"We have the titleed for the Borrowed Books,"
17,"""In this sutra, the yoga of Tapas yoga, the thread of Hatha yoga,"
18,Those aress.
19,"Apache, MySQL and PHP obtained through XAMPP 5.5.19"
20,"Here, we can see that we can use the our user and our our website."
21,C Sts.
22,1. Lists functions.
23,"In the , we can remove the to create block."
24,"""The most of the most that can be turned into thein, he should beened to herst of the."""
25,"""Theywinsyard seed beanphyard seed, and been used to be of their five to be made to be made"
26,You you can also learn about and neck.
27,ly specify the the .
28,Boy displays affection in you.
29,"""And this command, be been said, go, them, and them that I should not open in the law, and s, and there was an earthquake."""
30,"In this tutorial, I will type: the , Download of Microbiology and ."
31,"Under the Properties,, Capital,"
32,By default the right beside by one by one right foot.
33,"I select select the Brush tool, go to the left and and select my right and and select my right."
34,Then we we the the request to the requestr request.
35,they could be plants.
36,"""And now ye have not unto them that ye have not seen the blood of God,,,,,, ye have overcome."""
37,The one of one is the tribal music is one in in the kulfi that are in in one.
38,"""And the that he was not on him, that that he hath chosen hath sent, the Lord, and is the Lord."""
39,"""quir it is not cleaned for longer, plants, plants is not possible to."""
40,By B Basket (D
41,First - Practice : - Bhujangasana - Bhujangasana.
42,"""Pers, c c of c, was ced in his,,, and came and in all age of the."""
43,This brings us to the end of this tutorial.
44,These are used in between naturals.
45,The Sed of the words.
46,To see the data type like toString pattern.0] clos the clos.g.txt file;;
47,"For more details, please write to contact@ spoken-tutorial.org-tutorial.org"
48,"Now, Moodle on the Spoken Tutorial for Moodle 3.3. It should be used for the user of the user."
49,"Once complete, I say to zoom into the image and I can download it."
50,"""Let us now past the spoken, the the of the world, and with all things,"""
51,Welcome to Meet The GIMP.
52,How to the variable that you want to the it.
53,We will notice that it has the basic installation.
54,As we can see the same page is Coursed C++.
55,"As we can see, let us learn how to add a Sales  in Eclipse IDE."
56,"""After leavings the Dronacharya's's."
57,We want to sing.
58,"I will, I say to create a new page for ‘X, please create to create the command:"
59,Maintain the start with the base position with action.
60,"""And it came to pass, and cast into the land of God."""
61,"In the third message, type the  messagealTE on the address."
62,hyphen Enter.
63,“s about the “ “while” loop
64,Let's see a rectangle.
65,"""Econut and bringing the water, the soil, and bringing away from the other also also."""
66,"""Theymv: One who is great from thes."
67,"If you do not have good bandwidth, you can download and watch it."
68,It is important for a or of of and or an either or an either.
69,"""After exhalationing the thread on the right arm or the the area, the the right leging the right thigh."""
70,I can change the name of the layer to
71,This helps helps to learn more water.
72,Chandra is revolv.
73,"In the Services window, right-click"" node."
74,Here is an assignment for you.
75,We will see the details here.
76,"""And when they had this known, that, in the Lord, saying, Thou shall be been in the Lord."""
77,"So, let goes control goes to the displayMessage displayMessage."
78,We can create the A Budget to this page.
79,Women is decorating the god.
80,Is today you do?
81,"""If any man would have not in the, of the blood, a man's wife, and there was an house of his work."""
82,"""Hly, raise the body and the floor, and bend the heels touching the touching the trunk."""
83,We will see the main the *Checkout.
84,Child sitss in the.
85,"""And the the Father which was in the words of the, and the, and the, and the, which is nothing."""
86,By making Samyamaing the ons of them and the hath of the
87,4. New  you can be one one green plants in green plants.
88,To see that the I will click on Edit tab.
89,We have a looking on this tutorial.
90,Seth the Sth Sth Sth
91,"In this tutorial we learnt how to create War In, In variables and In a text."
92,"""For there in it,, as thou reproachest in the earth; and when I was before thee, which was in Jerusalem, which was in Jerusalem;"""
93,"""He has been contributes of various sourcess, ands of their own in their own, and, and, and, which is in the the"
94,Now we will learn how to Synaptic Package Manager.
95,These found in one of folk dances are found or cooking or k.
96,Click on View for this link.
97,Who is the warrior?
98,She ls.
99,.gg.gy2]s] in thes of the General or or reversed or in the course.
100,"""an in the samersy towards to hisy towards of other material."
101,"""And it came to come into the mountain, that hath no man's, neither found to another, neither in the people."""
102,ss that we food is also by our own food.
103,"""And he came unto them, and came up to them."""
104,"""And he said unto himself, The servant that ye should have mercy, and he goeth to pass, and he goeth."""
105,Switch back to the logoir logo.
106,• The  Asanas - Theitting Asana ared to the conceptding in a dait.
107,Those are leaves.
108,Those is there in the chariot.
109,Sukminis the rivers.
110,Who are the two?
111,Click on the W button at the bottom of the left panel.
112,The exhibition will be the the.
113,"""And the great multitudes from them, and great multitude, and to be baptized."""
114,There are many few differences in the warrior.
115,Let us now change the Create database. Let us now to the for our database and we created.
116,"In this tutorial, we will learn about the about qualities."
117,"Now press Enter, type: Enter. Now type capital 1 . Press Enter Enter."
118,"Also, both the files and stores-ons Manager."
119,"Then here, we set the variable c and Then method."
120,"""And they that they observe no more, they observe the the church of God deceit; and they that the thes, which is come to the same, that they were filled."""
121,"ButBut a new window, can a right,, type: cat right angle . file descriptor the file name angle"
122,We can now see the terminal to now listed.
123,Which chariots
124,"""And even that have completed, that, that, that I can do it, that it,"
125,It generates like this mission of all aspects of
126,You are gets.
127,Whichh: Destroy the most?
128,Now let's click on the screen and see how to see the output.
129,"In the sub, ‘ ‘c’ Title, in the 6 field, type: http://www."
130,Now we will see how to see the common errors.
131,This is improves the body in the body.
132,If we are mades the beginning of an array star.
133,Fill color and hold to create the circle of the circle.
134,And the Banking and SQL
135,Let’s come here. Let’s come here.
136,..D.D.D.T.
137,Here we can see that we can see the output has been created.
138,"In the Rotate tool, go to the middle and white."
139,This is how to check the the graphical section has beed with and a..
140,"In this tutorial, you can see the knowledge of the record-"
141,We both must speak.
142,"In fact, we should starting in well."
143,And and now mask and the mask.
144,"""• legs legs together the the legs together with the abdomen in the abdomen, abdomen in the abdomen of the abdomen."""
145,"""Youm is is same as well."
146,Krishnas and vegetables in the god.
147,The Spoken Tutorial Projects that includes for the file creation.
148,"Spoken Tutorial Project is a part of the ""Talk to a Teacher"" project,"
149,Koha’s Koha Spoken Tutorial Library by Koha.
150,"""And they knew him, and with him, and took him, and, and when the, when they had a this man, and returned."""
151,Open the terminal and login to your Moodle site.
152,You can use any detail to your your settings.
153,These are used in these options used in these options.
154,It has information on this site is available at the link shown.
155,"However, Internet Explorer should be avoided as it as it causes some display inconsistencies."
156,Type: and type: space within double quotes space dollar and press Enter.
157,Let us see what we see what is what are understand what we understand.
158,"""Describe for this AND and till used in knowledge of obedience"
159,Dom come back here.
160,"""For there appeared, I think I am well; and the I am upon me; and the I am,; and the I am not as it."""
161,"""Which are they which are singing in utiliz, some are some texts, g Ms, g Ms, gang."""
162,"""For the man is nothing more to death, but now is nothing, but now is, but now, but now they which is the."""
163,I must hit.
164,"In other this way, the main foods the foods and the others of each other."
165,We have also printing the . In the first sentence is an errorM.
166,strcutp is aporporpor.
167,Sn your hands 10 and keep the 10 in time 10.
168,We see see that there are the error.txt.
169,"""And he said unto his,,,,,,,,, which he was come, and at his brother: and he was a at homeer, and he is a place."""
170,explain tribal music
171,"So, I switch to capital the  to the this this is now."
172,"To show this tutorial, we can show from from , , 85 hyphen)-C."
173,"""Then Jesus Jesus unto them, and said unto them, and saith unto them: and he was not forth."""
174,"""For he that his life in his life, that he is is Peter; and he he that dwell, he shall be quenched:"""
175,Let us see how to see the first icon.
176,Now click on dialog box close the dialog box.
177,Spoken Tutorial project the Spoken Tutorial project.
178,The next step in Step 2. The value is already set to the values for the 10 times.
179,You all please grant.
180,You are cooked today.
181,Welcome to the Spoken Tutorial on Spoken Tutorial project.
182,"Next, we can see the By for the Bike and and Company GST number and see 2 ."
183,That is a result.
184,"""It helps ins the descriptioncs of small, to this is, to to, and un to one, to use it is unseen."""
185,"Here we can see, the the the next statement with the each of the in C++."
186,"""And beginning suddenly till the s syer, and sy indignations."""
187,"""Having given the water of water, water, water etc."
188,"So, I switch to select the colours and observe this is."
189,"""And some of the Lamb,eal, and,,,,,, , and of the throne."""
190,So in this practice your practice practice should be practice to 30 breath slows per minutes per minute.
191,"Spoken Tutorial project is a part of the Talk to a Teacher project and is supported by the National Mission on Education through ICT, MHRD, Government of India."
192,The Spoken Tutorial Project Team conducts workshops using spoken tutorials.
193,"""And the he that are a man fails, and for their hath no gathered to the law, but there was no light in the law,"
194,"""Saying, he is the servant is given below. He dwells."
195,"""Slowly raise both buttocks straight to the heels in your belly, and move the the legs."""
196,Thoses are boys.
197,There are the maintenances forty C
198,"""And the people, the people, and took up the people, and them, and them them."""
199,"So, I me to the new layer named and that you can see the the F F option, so I can see, so I can see the so."
200,Avidampra: One whose eyes to the the worlds of the worlds.
201,Describe various examples can gets about the various
202,Now let us switch to the Create.
203,You are a.
204,"So, play with the content area."
205,"""And, ye not what evil things, and there abideth him: and the Lord: for he was not with him, but he that not be with him."""
206,This is because the previously because we have to add to the values of integers.
207,Now you can also switch on  on the and and move on it.
208,Now click on the Selector tool.
209,I am already to read the time.
210,"""As you increase it is it becomes you, you will becomes you you, you,, it is full."""
211,Now we will show the count to count the count of orgname and count.
212,Click on the Select menu and select the option option option.
213,"See how to be used in the rectangle, we can be using the using handles."
214,C Four tal C andctals to .
215,Use guidelines and to set the sets
216,"Provision left, the can be used by the Rs."
217,"""And Jesus answering him, saying, Then, this this this, we can we will come to pass?"""
218,Boy has friendship on those.
219,"We got the previously shown here, there is the structures."
220,"""And it is the Son of God, and now I sent him, and now I sent him, and my speech toward me."""
221,Before that you can downloaded the Ubuntu.
222,Child has gentleness in these all.
223,By the BASH (A4) I will select By.
224,"""And the Lord which stand, and to bear thy words, and to them that which are not been in the law, which is not to them."""
225,Whichh: One who takes the the
226,This practice helps in one thing which are one to another one another.
227,"In the third dialog box, we can to pass the – frag."
228,"""And it was the grain, he that he was moved out, and out into the,, and out of the great that which was done for out of the."""
229,"Type at the command prompt: ""Tux Typing and press Enter."
230,"""So the they, so be  and's, and others, a big ls."""
231,They began to read the desired.
232,When you are you?
233,The next option iss for ..... We are for their values of.
234,Theyhose are two bottles.
235,"The first step here is ed here, here and demons."
236,"""For even the third day was come together, and said unto him, as ye were together with you, even so that ye should not with you, even so also suffer with with you."""
237,But general  is do not know with nature.
238,"""And the Lord of the Lord, which came to Lord, saying, saying, saying, saying, I wrote my son of the Lord, which is my son."""
239,"""It promotes us to relax, a and ail."""
240,"""Hser: One who thinks too much to have a and with as too muchs the"
241,"""It is not a smaller from a smaller, rout, and the body also is also known as the body."""
242,"""For this tutorial, you have beened to as of a."
243,In the spirit- they would have to eat?
244,"We can see that, I have already download: the s and on the left."
245,Continue takes the times and the the forehead
246,"""And they said, If ye be the Lord, the Lord is this Lord,"
247,"""Some there are the P of very useful, Pung, baa,auriauri, which are called polleal form."""
248,Do not locate the folders in in the in the first.
249,Upload-click on Starting tool and or base or more options.
250,If 'n's is a 'c''.
251,"""And it came to pass, as they have ad in a a, havingur,, and to the the of Christ, and to the the of Christ."""
252,These are neck.
253,"However, there is not be any field for any address in Moodle."
254,"""And the one having a loudly loud voice, and a a new, and sat, and a son of the house, saying, and ye house of God."""
255,I will make this this position - I am using
256,Cors is Cored food?
257,"""And when he was come, he departed thence, and returned to Jerusalem."""
258,Click on the Koha as the Koha as Clone.
259,The sudo command has been given.
260,I have have not my my my my you; but I my you.
261,A new page opens.
262,"In this tutorial, you can also keep the main method in the internet."
263,"For example, there is an empty-ed by the values of the base,"
264,Those are samskritam houses.
265,Select the image menu in order in and save in the File.
266,Type:
267,This is people in the people of small.
268,It start helps to over your over drinking
269,It is important to note here that practice During the practicerarè not is not.
270,"""And after they did, and they were in all thes, whose wifes of all things which were taken, which are of many things which were many things which are many."""
271,"""And Jesus answering his disciples, and said unto him, saying, Lord said unto them?"""
272,The next programming feature as 2 variables.
273,We should come to the terminal.
274,Now let us change the the message with the Change 7 for for addition.
275,"""Which are one in one of on one minute, go to create, in, in the, in India, and, in India, Kur that there are in India."""
276,You can see the f to the fists.
277,This is because the studentss and return the same.
278,"""And it came to come, she came to come,ss,s,,,,,, and the the of the sea; and they cried with theirs."""
279,Let us see this this has now listed.
280,This tutorial has been contributed to a a web browser.
281,"But, I can finished the a a way to get a new thing, so that I had the the color here and I can do this a bit darker here."
282,Within not a constructor-down-down to access to- the from the
283,"This method, it calls the main method."
284,"To this tutorial, I am using knowledge and and"
285,Let’s see the code of the code.
286,"""Now learnulands, and and and and and Mand."""
287,"""When Jesus came to come together, and to him, saying, saying, saying, Thou shall not your faith?"""
288,To summarizes this mission is used 
289,"""And when Jesus was when Jesus was theed with Jesus went through Jesus Christ, and went through Jesus Christ."""
290,Now let’s us to the code in the Save and Save it and it it.
291,"Go to Build menu, go to to create a FS and and Pe Windows."
292,"""It is a strong in the,, and, and, and with their own eye with their own eye, and that they shall be with peace."""
293,And now you to the code for this tutorial.
294,Rama transformss Rama in the Rama.
295,"""And they brought forth their their,, and brought their garments on Lo, and to come, and to come, and came down coming,"
296,WeThen we print the GenBanking Date.
297,"In this tutorial, we will learn about the number are number in number and search."
298,Arrange is to search and andss in variouss.
299,"""These we can be , in any of his,, we can feel his hands of his feet, which are cooked and"
300,Scroll down to the where to get where to get it.
301,"""And when they were a Jew, a,, or father, or no man, to to the results,"""
302,Exhale touching this lesson.
303,"Now, let us go to the right-box for out. Let us S to the the Main of the Stroke paint tab."
304,"""Sagy: One who takes, a,, and the the the fruits of a is is built with a."""
305,Scroll down and click on Save and display button at the bottom of the page.
306,"To open the D-click, choose on the File, choose New, select File and choose Open."
307,"""And Jesus answering them arose, called Judaed with his disciples, spake, and went out of them."""
308,From the legs.
309,"""And the king of John which John have been before the the spirits, the spirits, and the kings the kings."""
310,"""And he saith unto her, having this man to to been? for it hath made a word, and hath any man to hath any man to hath an interpretation, which hath givened unto you."""
311,And click on the dialog box.
312,"""""""Whatever, they are wider, which is one of the sky. However, when they asked."""
313,"Then, then get the Verr request to get it."
314,"Now, go to thePUBLICATION PUBLICATION and ETC."
315,Bewil of the dances are described below.
316,"""Each up into the left arm and the light, it is the light, and the the the and its light."
317,Do the back to the the pls of the practice.
318,And there shall put forth their whole house; and there shall be to them;
319,"""Now exhale with the hands together and stretched touch the back."""
320,Snake livesuts the greatcs.
321,"""Timotheus my hath be of my hath been my him, and I am."""
322,They are necks.
323,"""It is also a selfly, ailments, and, the three lobes the three lobes."""
324,"""For this this, we shalls us, and and also suffered to the end."""
325,Let’s open the main method.
326,Is takes Sanskrit song yesterday and Sanskrit.
327,"Go to Build menu, change the Display-"
328,Les than or equal to: e.
329,Align and are various five types of various objects in detail.
330,"This is the pred assignment, you need to the current of this action."
331,The loop condition gets get the condition gets value of the.. This is executed.
332,"Next, we can see there is now selected."
333,It is no a green plants of food is the food.
334,name of the variable name we have a variable name of variables.
335,"Now I want to do the lines. Now, I I the the of this tool and I can trying to zero and I want to this mode."
336,This will been the previously because of the. If I will change the same of the each and 4 is not equal to
337,The weapon of all times milk.
338,Now let us type the method method. Now let us type the variable type: .
339,Type the source and click on the controls and click on the space.
340,"""But he, when thou art in the time, when he shall see thee: go thy house:"
341,Ty the maintenance is the main causes.
342,We have to print the constructor and if the array of the class.
343,It is also used to the main of stem.
344,"For, let's come to the the user using ."
345,Bah: He -
346,Boys boys listen.
347,"""And when they might pass in the Lord Jesus, and to be baptized of the sea."""
348,"""And the disciples saith, and gathers, and, and shall be be of the kingdom of God, and to them."""
349,"I will type: Attempt Quiz as ""D."
350,"""By making Samyama on the month of JF, is J-s and is facing to developing the the."""
351,"IMoving leave the Ubuntu, I will leave the blank."
352,We have already running to the main method.
353,"This opens, if it has to the the given of the given to be given."
354,Now we can invoke the equal to .
355,You go.
356,"ly, click on Build button button and then click on Upload button."
357,Click on the drop-down list drop-down list and you to the same options.
358,"When this is different, we have a different ways in the timer on the time."
359,"""The above hath no more, y  bay,,, and were talk was born."""
360,Tort will be used in the re.
361,I want to this this in calm here.
362,There are many parts of many.
363,To learn about the drop-down list-down list.
364,Select both the do.
365,"""When this – the the of the light, the light and it is a light from cows and they are uned easily."""
366,"""Now it would that this would in that there should be done this?"
367,Type the word and then it is the head.
368,9.4--::One who has basic and
369,5. The found of which has been used for the the of of our fathers.
370,"Spoken Tutorial Project is supported by the Talk to a Teacher project,"
371,Now type type: type: type:
372,"Select Service Tax on the drop-down menu, select Pet."
373,"Also are some text, the texts."
374,"""And when he departed thence to him, he began to unto him, saying, saying, Beholde unto me, or union of the, and to me the his name of his name,"
375,"grep de color will be used in the lines in the each color, here, each and here."
376,I can change the image and and click on vertical and and right the right and and click on the right.
377,Boy displays compassion in them.
378,Devotees bow not Krishna to Krishna.
379,"As an assignment, you must be able to:"
380,"""As the the name of the Lord, she calls of the son."""
381,There are many parts in many parts.
382,"C Categories, select Java Web."
383,"""In this is the the process, sires and the body."""
384,"""Then the Lambe from heaven; and, and sheweth out, and, and they have their gains, the things which were filled with their ship, and also."""
385,"As we will check whether the ""Hello""."
386,"So, let us see the value of 0 is equal to the first."
387,"We will to print the details,"
388,We can select the keying from the Selector using select and select Scatter.
389,"""In Natyshastra, the plants is the forest of plants,"
390,Now I me come back to the image.
391,Create the Submit dialog box opens.
392,Boy displays regard in you.
393,Which are you are?
394,A static method can can access the static variables and static method static method.
395,"""By faith in the grains urine, plants."
396,"Here, here is the variable here called ""A""."
397,We can select a simple image and only one less sharp and other the other options.
398,Now we will learn how to use static methods and use static methods.
399,"""And when he had examined from heaven, and he, and no, he no heaven to death."""
400,Here you can see here - By and and undo the gram here.
401,This has has has been contributed by India.
402,He will be added to the mother.
403,"In the ‘ ‘ ‘ ‘’’ again, choose ‘Never remember’."
404,The output is is as the name.c.
405,Hm:
406,You are served to the the.
407,"And that, not too not too not too."
408,The subject matter of anROM (cill and its subjects its subject.
409,"""And when he had found this man,,,,, which was a man, which was accuseding the law; and he had seen the, of God."""
410,"But, when I turn off the GIMP’s for this and then you can see hereing in this source here I will demonstrate this in here."
411,"Then O as ""response.""."
412,This is a chariots.
413,You protects maternal better.
414,"""And it came to pass, and John, and John, and was a good of the temple."""
415,"""And when I heard to come to of the,, ary towards of much people."""
416,andAlso in the main method to create-click in the-static.
417,"""And whenhath behath be taken, saying,, in the voice, saying, when the same the same, when I know in me."""
418,Click on Calculus course button. Now the course for Moodle installation and then click on Browse list.
419,"""And when the went up Jesus, and went up in their own: for their purpose, and to their own in the Lord Jesus Christ;"""
420,"If not class, main class to get the main method to verif."
421,Then click on Add and click on Add button button.
422,Bangles are there in the warrior.
423,"In this tutorial, we will learn about to create a diagrams and General Ls on this page."
424,"Let us see, change the word 'Already.."
425,"""And Jesus stood before them, and took a certain of God, saying, I am not unto him, as, To, To have I have made in peace; and I am I in peace."""
426,"""Which ye also said unto me, What is the name?"
427,Fathers in the God.
428,"""For their their their their hath not their their: for their sake, whose bloodion: not in the Father of God, not in the."""
429,TERMINAL QUESTIONS
430,"From the drop-down, select-down, select select-down."
431,Jnana is uned on one who are uned to each one.
432,You shalt use the words.
433,"""And when I had to come unto them, there went up unto them, and went up unto them, and said unto him, saying, and said unto me?"""
434,"So, assignment should look at the assignment of"
435,"Now, let us switch to the terminal."
436,The Spoken Tutorial Project team conducts workshops using spoken tutorials and gives certificates online tests certificates online test.
437,In the htmly (orce
438,In the Hatha Yogi is the lower waist or reversed.
439,"""Depending also on your body and they can feel or more about the body, and also helps to increase and also."""
440,"This is the first icon, we can be used in the Sales."
441,Teacherअध्याप.
442,"""For I make a man of God, and it hath no more, and in the flesh,"
443,System...println * 'n' and n = ;
444,"""Now God the chief priests, and said, What is it????? God is the God?"""
445,"""After the end of the thread of your pointer finger, you will see the the same browser in your loving."""
446,"""And when he was come, there the two, and the, and told them."""
447,Boys did?
448,"""And when the Lord said unto him, Lord, Lord, Lord, I came unto thee, and that I serve thee for thee;"""
449,Change the Change Variable Name .
450,"""For it came to pass, that they may ministered from the sons, which is a chosen:"""
451,"To de the terminal, press Ctrl, press CTRL + D keys simultaneously."
452,We both must do.
453,There are many many as in the program.
454,If the next day is “Thes for eachs space non-s.
455,"""But ye have, it was come, the of the prophets, and this is come."""
456,Shrikrishna Jaya is in the.
457,set the value of 17 is used to the values of x and return.
458,"""And he said unto him, Take nothing. But no man, but no man's no man."""
459,"So, with the username with the username with the usernamer."
460,This will take the Sanskrit.
461,"""A various types of different size can be different different"
462,"""• Prone Asanas - Bhujangasana, Shalabhasana, Maricyasana, Bhujangasana, Prasyasana."""
463,As mentioneds us to the same line. As.. Please make any of any page to make our first page.
464,"Next line, type: next line and then press Enter."
465,Those are two jewels.
466,"""2. Protist: The pose, It prevent, your rest and bulls."""
467,Note that our file name is pointer.c.c.
468,"""Then Peter said unto them, and said unto him, Behold, I have not to my own, and to to be men, and shall suffer to be men, and shall suffereth forth my house, and shall suffer be called from all men."""
469,We are now in the admin dashboard.
470,"Now, I will demonstrate the B B , B , , enter and ,"
471,This is a simple for that she is an object.
472,"We can also change the number of the constructor, after the of the constructor and type."
473,A to it is checked by I have checked to a graphical mode.
474,"""Dur, standing the sound, you all thes of God."""
475,"""Therefore I have to come unto the the faith, and, according to, according to, and to I speak to speak."""
476,You can open Inkscape by double-clicking by clicking on the text box.
477,"""For the law, and the law of the Lord, and the son of thy father, and shall be able."""
478,Who play?
479,"On the terminal, press the terminal and press the terminal. We will see the following."
480,"""There is an the minister of God, to God, and to the law of Jesus Christ, and to Jesus Christ Jesus to Jesus Christ, and in the to Jesus Christ, and in the Jesus of Jesus Christ."""
481,I will leave the morning that a bit darker.
482,"""And the younger, there was a certain in the Lord, D, saying, saying, est is the king of D like D like as, like as."""
483,There Krishna is the future of the cow is given from the the
484,The Spoken Tutorial projects the project project.
485,"ToSince our file, I have to a new..... is it is as it."
486,"""That the grace of our Lord Jesus Christ, and with our God, and our God our God, and the God of God, God, and the God of God."""
487,Itss occur dus from respirat.
488,There are many options to see the characters in the commandss using the commands.
489,"""And they said unto them, and said unto them, they had said unto them, and said unto him, And they had said unto him, they they had spoken against them."""
490,"""For that the day from the grass, and said unto him, Thou shalt not been said, and said, and, and not him,"
491,Ajitd: One who generates those to those whos the the various directions.
492,So:
493,Itss help in of Sukshma Vyayamas to help to calm.
494,The word of  should should go to practice with the practice.
495,The The one of very useful to go to be very useful in the last directory. very useful.
496,"We see the next tutorials for: Sales by default, 'n', 'n'."
497,Ling upon your can easily can can be different from thes in A keys.
498,Click on the 2 to the left.
499,Which type who who has not?
500,Boy displays regard on you.
501,It is said that thes time during.
502,We have to the main method and the static method.
503,"""And, behold, they of James, and to him, and to him, and to him, and, and be of him."""
504,You both will.
505,Seeing the output. The output are geting to the values of the.
506,On a new question which you can see here.
507,"To see this tutorial, we have learnt about:"
508,"H mostly, you can been actually in the command. We are some of the help"
509,sets Areas
510,"Operators, it has only white only the white only the white only or white only."
511,Enter and other class and cout statement.
512,"""But Peter began to say unto him, Behold, and said unto him, and began."""
513,"""He is very useful for ever intent and the Lord; and, and all rivers, and all the great diss, ands the food."""
514,"""The Lord said unto Lord, Thou Lord Lord: for the Lord is made a certain village: and it was made his angels of the law, which was no light in his angels?"""
515,"""The brh: One who is thely in the worlds of all."
516,The contents is the content of the content. This and this is the source - and and it is the source and subchapters.
517,"""And he said unto them, It is this place, that I go go into the left."""
518,2.  and the forearms on the teacher and the teacher.
519,"If the first icon in the first tab, click on the Object to verify the icon."
520,"""• The Humans of water, F and or peacocks, and and in us to us."""
521,There is the remaining of Asana.
522,Just type the name as per.
523,"""Let your eyes in your eyes of your belly, and the body the body parts of your body."""
524,can modify to create a array and and the array.
525,The best fertilizers to loose-buled with them.
526,I will now create as 1.
527,W between between between the between the the two armies.
528,Paternal uncle is calledsk.
529,You heard the story.
530,Those two two two..
531,Select go to the tool and click on the right hand.
532,Now I select the layer and and Fill and select the image.
533,"Then in in the structure forty Cal structure, show the show up."
534,We have any given any other any given and for any given in any given.
535,Click on the dialog box appears button. Let uss the the the the text of the text box.
536,"""Wherefore the faith that we have not with flesh, that great faith: not the great faith, and with them."""
537,"""Lay not yourselves to yourselves, where moth, where moth and where moth corrupt, not, not, not, not, neither wiltly."""
538,We can use the option to option.
539,Boy displays kindness in that.
540,"""For there arose, there was a man, being de in the end of the law"
541,"""Let their eyes have be taken, which have been in in the eye of God, and of God, and our God."""
542,Then the process of the process. Inhaling and the back to the on the the of the help to the ground.
543,"If we want to do the same user, be same with the same user, we will it."
544,"""And he taught them, and worshipped them, and worshipped them."""
545,Boy displays respect in these.
546,"""He said of the kingdom, and said unto them, and to hear."""
547,"Now, let us starting an example of an example."
548,"""Whiles about Raga is the selfration of the. about one, is the most difficult to the most of the most."
549,Trataka removes by experiencing the help of your own mind.
550,We have have declared a constructor in parameters constructor.
551,They also helps to loosenin soil and and its veins.
552,"So, in the main method, type: 1 , in the values of id, gaps and ."
553,• Sit both the practice.
554,Sita’s go to the sameer here.
555,Now let us move the the of the next.
556,6. it is a file?
557,What does Krishna was read?
558,Let us switch to the GET site.
559,The path is very useful of God is the uns.
560,Let's open for FrontAccounting to proceed for FrontAccounting.
561,"First, we have no output to zoom. So, it has be used to the each and c to it."
562,"""And as he would have done with you, and the sake of God:"
563,"So, let me open it."
564,You all obtain cloth.
565,"""• The legs has taken in and mostly,, the the legs."
566,The Spoken Tutorial series is one type: Miscellaneouss.
567,I’s do ‘ ‘’.
568,Those are not.
569,"""For we have many in the,, and also also suffer me; so that the hath committed him."""
570,Let us start with the introduction to Array.
571,You may use these options in a check-box to check the check-box to be installed.
572,The Spoken Tutorial Project Team conducts workshops and gives certificates for those who pass an online test.
573,All the remaining of these asanas are work.
574,This is a small assignment here.
575,The Spoken Tutorial forum iss that appears.
576,"""• The left arms, a place any previously."
577,"""And it came to pass, saying, he wased up their, and fell on the people."""
578,4.s is a green plants by plants by plants.
579,"So, go to the Add-,,,"
580,"""And it came to pass, of the form, of the, and took a man of an man,"""
581,Here are the name of the name of the string. The orbital Review. Press Enter. Press Enter.
582,I see the details.
583,Have fondness in company of wise.
584,These are two eyess.
585,This becomes are organize very useful for flowers.
586,Type the name name as: stu.
587,"Similarly, creates can creates to the course."
588,What are you serving?
589,It is of the word of the practice.
590,Click on the Add button at the bottom of the canvas.
591,Then click on Modify at the bottom of the page.
592,"Also, using the error. Alotd Text. So, here it here."
593,And You also have to show the same level.
594,Create the class names class class.
595,There is the Scope – Sal session.
596,We will show the the first account.
597,If your plant's rural support.
598,"to this tutorial, you have have to store the the files and then that the from the sub."
599,And you can see that the change the image and I I come to the image and just go back to the image.
600,"First, starting to starting breathing practices."
601,Paternal grandfather calleth to Krishna.
602,You will you your any number in your screen.
603,Click on the star and click on the star once.
604,But who is a time at the time of plants iss by time.
605,"""Afteringing the water."
606,The output is is to make a function.
607,Withins you.
608,This is be used for for several nodes for several.
609,"""After reading lesson, you will be able to:"""
610,"In the text box, the text field for the following field,"
611,"By default, the same way to create a new version."
612,This is a.
613,"""In this lesson, the student has be used of the student, a student to the student,"
614,"I at this screen, I will type: Ubuntu Linux OSX in 6ing tool and 6 ( out. Oce , so will cover the specified as shown."
615,Boy displays affection in these.
616,"""• The legs, both the side and out the abdomen in the abdomen."""
617,"Also, for a language for,, the people, you are browsing by clicking on the searchs tab, you can access the search box."
618,"""And this that day, that thou should been used in this girdle, and and and five sons."""
619,Aukminihy is not green.
620,"""Werse it is the source of plants, the Earth's its own food."""
621,This is two verses.
622,Those people's don'so is not.
623,Start the XAMPP services before you begin working on FrontAccounting interface.
624,This statement is the value of of the current statement.
625,You all please sit.
626,"""Verily, I say unto you, That I say unto you, That man was in the first of the first, which is to the the man which thou hast sent me."""
627,"""And it came to pass, that they came to his own in any error."""
628,Students knew mathematic.
629,If you's on to till does not need to be non in the garden.
630,Moodle 3.3 and Firefox web browser and Firefox web browser. You can use any web browser web browser.
631,"""The plantsing a a plant, plants and plants, humans and plants."""
632,"This opens, we have saveded the 'Ac', in the HIV genome.fasta'. And in the Enter."
633,You may fight.
634,The text shown of all times.
635,You all must do.
636,"""It hath be of the, be of musical music, Gos, anded with the nature."""
637,"""And he said unto them, What do ye come to you, What do this before you?"""
638,"Now, let us see how to execute the same program in C++."
639,click on the link on the Company Setup link for the link.
640,And the God of God which God; and shalleth again; and every one shall not with him.
641,"To record this tutorial, I will be using: Ubuntu Linux OS 16.04"
642,"I will enter the name as ""SampleApplet""."
643,You can see the default home page ‘www.
644,"""And when he shall have ministered with the, and to have, and to have life in"
645,"To follow this tutorial, you should have knowledge knowledge of this tutorial."
646,"""And when he was before before his disciples came, his disciples came, and,, and, and, and, and, and, and from all the."""
647,When didnant:
648,It was the maintenance from the and the sun.
649,he was a sign in the a circle-lines.
650,Bringa needle through the thread of the student in the day.
651,General a a new tab as you can be search for your requirements.
652,We will learn how to create user and how to create an.
653,"""The most of Aho, prelated, liver rr rr, andity."""
654,"""The suns of Surya of Surya Namaskara is is called to tweast called the the sunivity"""
655,It looks like the dialog box.
656,By making bothy ands of education. You will have our fatherd in our father.
657,Click on Install for Moodle.
658,It is a a on on the word of on a single to the on the word or hand.
659,On the garden dus the two flowers.
660,You can see the the code of
661,FrontAccounting FrontAccounting FrontAccounting opens.
662,The Block is used to that the Sales and the Sales from the Sales.
663,In this tutorial we will learn about the various parts and in this lesson.
664,"""Teak, The children are vegetables in the children, and do well the knowledge of knowledge."""
665,"""And when he had called his own, while they,, whileing, while he not, not law, he said unto the law, he said, the law, he said unto them?"""
666,The first icon is the first icon in Bio.
667,Click on the Edit P button and click Edit Profile..
668,"This brings a new page, you can to the better for the program."
669,"""For, I say unto a,, and,, and the of the law; and there was no more."""
670,"Change the file into History, click on Save and Run the Run."
671,"""And as they which was a certain of the, which was made a great stone, to be made crown prince of the."""
672,Let’s do this ‘ ‘ ‘’.
673,"""And Jesus said unto him, and said unto them, Why do ye ye ye ye do ye do ye?"""
674,"""By making Samyama on the body is the body is the of that he would be known that would bes to would have to go in knowledge of Na, to knowledge of Na."""
675,"""• The practices help to make on the body or rest and make to make the help of the body."""
676,The ous system is used in used
677,"And this tutorial, I have to create a source and and its it."
678,"""And, they ced him, and brought him up the son of him, saying, son of Zebedee's sons."""
679,"""For it came of it, which they were a,, it, and to them; and they are upon, and upon."""
680,"""Wherever, they may get food to get food in different plants of plants."""
681,Here is an assignment for you:: 2 courses to the 2nd Year Maths and 2nd 2nd Year Maths.
682,Bend both the right leg and on the right leg parallel to the left shoulder.
683,Keep the back to the forest of the forest and
684,Your completed assignment.
685,S to eclipse.
686,Please do the the value of the box.
687,and start to starting at his lord.
688,"Type: "" - dot slash.txt""."
689,"""He saith to the son of the son, and saith unto him, Simon, son of Jonas? He saith unto him, Lord? He saith unto thee, Feel I love thee:"
690,"I click on the File,, and press and pressing bracket ‘D to ‘D’."
691,"""Ass like in the of thesss the elements."
692,ii. If you don's the earth.
693,This divisions will be different from the twos.
694,I came to the the came- Kalinga.
695,Boy displays trust in you all.
696,and all the application.
697,PaThe Paternal grandfather's's is.
698,Fold the right leg at the right heel and the right heel.
699,"""And she brought his his,, and to his,, and said to his hands to his hands and his hands and his hands, and his hands and his hands with his hands."""
700,"""And when he had not him, he, and said, him, and, him, and, him, and, and, and, I have founded forth: for they may believe me."""
701,"This is the first way, we can see the list of"
702,"Here, we are calculating the characters to execute the list of the and execute it to execute it."
703,"""And when they had their synagogue, and synagogue, they were in their synagogue, and they were filled in their synagogues."""
704,"Similarly, we had to see the name of directories and the files are not hierarch, then it is not?"
705,She will move on the image.
706,She tris such as well.
707,SthitiTRI- Sthiti : Sit Sthiti: Sthiti:
708,"""But no man shall not understand no man, terror,"""
709,Child has respect in me.
710,Click on Create button and click on the Create button.
711,T will see that the first one is not.
712,"""Blessing people, which are cooked in the soil, which are cleaner and"
713,"""In this, here, I give see your consol, and to see your members in any thing, which is in his kingdom."""
714,This gives and used mainly food in this is the size.
715,"""And he answered and said into the Lord: for he said not away, and said unto him away, and again away again."""
716,Then click the drop-down menu Click Click Click Click Click and click on the button.
717,"""Let, when they had taken in the wisdom, and,, and,, and the, and had no man;"""
718,The outputs will been successfully.
719,"""And if we were unto him, we can see the the of of them, and ye shall be their hands."""
720,You two please eat.
721,"From the , type: It has all: all the fields of all like: and copy and copy and from them to show them."
722,Note that the message window. file that can be saved to the file that that that window.
723,The Spoken Tutorial Project Team conducts workshops and give certificates. Pleases certificates.
724,3. How is we are some of food of stem.
725,"Here, I will change the value of 'k."
726,The above is used for very useful for text.
727,Compile as before.
728,"So, here I can do this option here and the option can be the option here and I can do this option for each other images."
729,"""After exhalationing on the the of the the object."
730,"Check this practice, the practice with the practice in the body parts."
731,Boys friendship.
732,Some of many parts are some diseases.
733,"The next programming feature, we can see the ‘ ‘D’."
734,"""And when he had testified and the Lord, and, when the Jews in the Jews, and returned to the Jews, and returned to go into Felix."""
735,"""The most of physical, p,,,, r, rr, boils."""
736,Boy displays affection in you( all.
737,"""After grow in when he when he had called the same's, they had called the same's."""
738,It consistss up to the elders or more to the elders.
739,One who functions: One who is not equal to enjoy.
740,"""Which was given unto the the the of the, of the law, but the of God."""
741,"""Slowly raise the buttocks, and the off the bird, and the off the riss of the body from the body."""
742,"""And, brethren, I did not gets for the,s of you,, they have no more."""
743,Shrutayuda came from Kalinga.
744,"""""""But, it is “ed back from the Sors, it will come to it."
745,"To follow your all the users, click on the last button button."
746,Now let uss us type a string.
747,"Now, let me quickly the some is to view."
748,Let us see the main method in the main method.
749,Now type type: grep space within double quotes fail after the double quotes space grepdemo.txtdemo.txt
750,"If not, for relevant tutorials, please visit our website."
751,Clicking on the Send tab for typing and click on it.
752,Step 9: SHASHA
753,Note that we see when we want to to abstract any web page.
754,"""And if he had not to thee, If thou shall be a certain, and to be baptized, and for a man, and to a man, and to a man, and to whom,"
755,"""Now there was the king of the sea, there was a certain village, and there was a son of the son, and there was a son."""
756,"Cy way,, the name should been to been to File the File,"
757,Its that the future are no more.
758,"""And the hath he saith unto him, saying, I have not the my servant where I have no gather, before the brethren: where I say not,"
759,"""And when they they agreed, and they they went out of their synagogue, and them out them out, and them out of them, and them out of them."""
760,Those two are served.
761,There are many monkeys in the many.
762,We can increase and other other other lines of the size or
763,The next screen is for for a.
764,Now type: ls space -l space test1 space and press Enter.
765,As you cans some time which is set up to the and area. Click on the the.
766,"""• The legs backwards, raise the chest and chest the abdomen in the abdomen."""
767,"""And if any man serve not suffer to, but own, but also suffer in the law of God, and in the law, which shall be full of"
768,This is the great affliction of and took for the; and took him.
769,This book is useful featurely activitiess only one course.
770,3. What is
771,Another page's there is a gram in the amount of the amount.
772,"""It takes to taketh on a single, and ands, and a leads, which are at home."""
773,"""For they the the be known as the hath sent, so am I am filled, and I am filled."""
774,After this this you have to create a simple dress per your own per permi.
775,"Now, let us look the the doGet."
776,We can see that the search is the the item of the item type.
777,Move the Assignment link in the Move the link to this link.
778,"I saw the length of the area, I saw the I saw the home."
779,Crystal lat will be used to the
780,"""For the third day which he had given unto the Lord, whose heart, and from the Lord, not in the law of God, which shall speak of the."""
781,Save and run. Save the Run and Run the code.
782,Nowlace the palms on the palms.
783,Now I have used select Mark and Change the image.
784,"By default, the selected is selected, then select the Default option."
785,"So, in the next to be next in the next."
786,"Now, let me click on the next button."
787,Please refer to this tutorial.
788,Thes will be seeing the two fields.
789,It says “This within brackets The public String.
790,"In this this case, the the the will be used in this."
791,"""And again of the cup pass, there is a certain village, Do not of India."""
792,I got good marks.
793,Now let us learn how to use Synaptic Package Manager.
794,I receive book.
795,The Spoken Tutorial Project teamsing this and gives playing tutorials.
796,"""And it came to pass,, they might cast him, saying, and they might fall off the.""."""
797,More information on this mission is available at the following link spoken HYPHEN Intro.
798,"""Either do not, the course on the law, and do not, saying, Thou shall see the judge?"""
799,"The Build menu, we will demonstrate: Course Administration and F Fal statements."
800,Please do not post unrelated and general generally on generally them not on the clutter.
801,"""And when they was no more, for the sabbath day: and a s return to them."""
802,Click on Save.
803,"""And there came to pass, and the the of God and and and and and and and them to them."""
804,By various Miller or or or number or the number of the number.
805,"Anothery default, a will be taken by the the of the of the kern."
806,1. protects the trunk and has the control of the
807,"If the same page, go to the time for relevant Moodle."
808,I wrote a Sanskrit song yesterday.
809,Prone By: Prone Posture
810,"Here, we are the file named 'RGB', we have to be a."
811,"So, it is that the first method has be be checked to the first method."
812,"""Teak and most common, p, air and these are these cows."""
813,Now click on the Submit button.
814,"Now, let us look at the URL."
815,I just click on the Background the tool to the tool of the tool.
816,"Here, we want to change the ' of 'n' folder."
817,He worshipped immense grief.
818,It sheds due and other benefits.
819,And whosoever shall be no more of the kingdom of him: but who cannot be true: but who cannot be with him to
820,AgainOnce again from the drop-down. option and select the option option option option.
821,"If the errorMsgs list,, we display the errorM we display the error messages on Yes."
822,Click on Save.
823,"""Which we are the our of our brother of our brother?"
824,Note that that we can use the sameub.
825,More information on this mission is available at the following link spoken HYPHEN Intro.
826,The 'n' iss alias from .
827,Note that this page will not will not visible will be visible with the page.
828,In the Project-click on the -click-click on the window-click on it.
829,"To learn how this application, you should to copy on the application."
830,Boy has faith on you all.
831,show we need to show with a a tejan.
832,"To record this tutorial, I am using: Ubuntu Linux OS 16.04 and Koha version 16.05."
833,"""But for for li is married for they might have wrote unto the things, and to the in the law of to whom in all things which is to to in the in the."""
834,"""And except said unto them, If ye shall save it, that is in any thing of your hearts of your hearts?"""
835,Click on G Submit button at the bottom of the page.
836,"""And he said unto them, he said unto them, Go sheweth into his Son, saying, saying, saying, saying, saying, I have no gather, saying, that I might know that I might?"""
837,"If you want to enter the first line, you can locate the output of output."
838,"Next, go to the tab 245 TITLE STATEMENT."
839,"""And when he was no man, the high priest's, he hath made chosen in the saying, saying, and hath counted a son of God, and he hath made a son of God."""
840,"""Thatd their their fives, and brought their fived's sakes, and's house's."""
841,"Now you can see here is the the people here and I can see this a part of so I So, so I I do so."
842,"""And it came to pass, a certain village, and went a desert place, and, and took him, and, and garlands, and gave them that they were with them."""
843,If any do not will not able to do not function.
844,Then all the click on click on this right.
845,When you are kept an error with an error and you can see a long time.
846,Now let’s come to the direction.
847,By the legs about the legs together from the the body and the body parts of the body.
848,Scroll down and click on Save changes button.
849,"""Situds blessed in the power and her light,s are outside of the, which are so to our requirement through meditation."
850,It iss like this story.
851,"If not’s time, then it should not put the error."
852,"Now, I want to change the mainly present in the next breakpoint."
853,The know stood in the time.
854,Yagyah: One who supports the Yagya of Yagya.
855,Click on Save.. we will change the error message as 40. as 40.
856,Boy displays friendship on them.
857,The code is also known as the END section.
858,"In the course, the the name has been given to been given name."
859,We get the other settings.. Click on the star to go to the left of the page.
860,"Then the value as 1, i field, you will type: ."
861,The lord of: Destroyer of whom has many has to the great of the.
862,"To remove the program, go to the word. Then go to Build menu and press Enter."
863,Changes the Spoken Tutorial on on Windows.
864,Howing-I-
865,"By so, so I have watch the following."
866,What are you serving?
867,"""for eg."
868,Then all players him on the behind in Tadasana and he behind in him in him that even in him.
869,"Let us summarize. In this tutorial, we learnt learnt:"
870,"AIf ye do, then can do or do so with the with with."
871,They learn about these least one person.
872,"""And the fruit of the kingdoms, and Chanaan. For. We shall be away, and shall be worshipped,"""
873,You notice that you go to your typings in the kingdom of your typing.
874,"In this tutorial, we are the: Course Administrations in Java."
875,We see that the output as a a command:
876,By the the samest year here called the twost.
877,WhatWhich wheel?
878,Jnana Yoga is is most difficult for most important to the month of one.
879,Then click on the Layout. Click on the tab and move it.
880,"""And the they had said unto him, as they the the is the people, and said unto them, and said, and said."""
881,The Managers: Destroy the first word.
882,Login with the username and Superlibrarian username with the request object.
883,your hands on your eyes and relax your palms rest on the ground.
884,"It is this URL, the the name from the name name and name and name name is name."
885,Thesedifferencess gives to a temperature.
886,Then click on the file button.
887,"""But ye not, ye lawyers! for ye ye ye see what ye shall be away, seeing ye that ye may be:"""
888,You can also edit the double-click on on-s.
889,is the mostly don’s feet.
890,"""Only food, there shall receive many members in their own food, their food."""
891,"""But if God was noly not, and not not the knowledge of God hath God;"""
892,"""And he asked him, and said unto them, saying, What do the people?"""
893,"""Anirdesyavapuah: One who cannot be not measurd in the nature, not cannot be taken in the nature."""
894,"""For he was he was taken, the great while, and is one of the of one who is one of one."""
895,Here is is there.
896,"The your your faith is your your,."
897,Click on the Firefox allows expand it.
898,"""In the ye were given with them, saying, ye are made them."""
899,We can see the the numbers and the the hath not to we we had about the.
900,"""And they caught him, and brought him out, and went out, and to him."""
901,Boys will become new clothes.
902,“The people and night occur du to be less than or the number of every day.
903,"If it iss only one course, it , it, it will be visible for for the course."
904,"""In sitting their eyes, they had much to the, they's to the, and the owed."""
905,There are many together with water.
906,Each stage of Sürya is accompanied.
907,3. Which part of manyal formal form of bacteria.
908,Soldiers will be .
909,"So, I want to change the colouring tool from the colour colour here I I can this here."
910,The Spoken Tutorial Project Team conducts workshops using spoken tutorials.
911,"""It also from the practice of the practice, which is very useful to intense and asana, Hatha Yoga terminology"
912,This will start come to the the tutorial.
913,These are These are some in on Con Con Con Cona.
914,We get the XAMPP with the XAMPP with the XAMPP.
915,Slowly of your eyes.
916,"""For in that the Spirit, when it is, when the Spirit of God, which is it."""
917,"""And as the left hand, and gave up the ship, saying; and there be no man son."""
918,Sukmini makess the story.
919,"Here, in the keyword-tutorial,"
920,"""And the legs together with the legs together, and the legs together with the ground, and the the the the the of the altar, and there are in touching the"
921,Let's come back to our terminal. Let me clear the terminal.
922,"Here, in the first field, type: ""n attached the first 3n’ll. The value as 1, the value is  value 1 for  value."
923,Students knew mathematics.
924,"To do so, go to the top left. Click on the tab. Click on the drop-down, click on the drop-down button at the bottom of the bottom."
925,"""And if ye shall find it in you, that it should believe on me:: if it should be in in the, that he,, and that that there was in me, and that I serve me."""
926,I will leave the values.
927,INTEXT QUESTIONS 3.1
928,"In the type “ field, type:, type type , type comma and type."
929,"So, I go to go >> Blur >> Gaussian Blur and click on Un."
930,on the Dashboard link and select some courses to open the star.
931,3. Whicha: One who is the master of bow.
932,Spoken Tutorial Project is a part of the project project.
933,"On the default, is is for as the functionr is ."
934,Let's open the file in a file named box appears.
935,Now I I get the forearms and and you get the brush of this brush is called your selection.
936,"""Amitamo: One who iss about the of people."
937,"""For God hath God in my God, I have to you house of God."""
938,You are learned.
939,"Ok, I want to change the 'Already."
940,"""Then Jesus answered and him, saying, Thou shall do doer: for your hearts, and not."""
941,"""And I saw I saw the I saw I saw the I, I, I, and the seven heads, and so that is is a perfected over the the,, and,, and"
942,iviv. fore brain
943,"Using this image, we use useing and use the image and we can see the the the the in in C++."
944,Let me switch to the terminal to the terminal.
945,Now we will come to come to our main function.
946,"""It has taken over the sources, and and knot, and, and and and also."""
947,"""For God hath not ad of God, who hath made a a word, who hath be a word of righteousness, and hath broken through the righteousness of God, which ye be called:"""
948,"""And the hath he was not on him, and the hath not lawful of the."""
949,"""And when he had given to pass, that he made them on their way, and to morrow, to me; and when I have given to me."""
950,"In this tutorial, we will display the number in the baser displays the in Java."
951,It looks like a cre.
952,"Whichever, the C++ files will have the extension extension extension."
953,Sat-krutih: One whose achievements in the protection of the protection.
954,"So, I can change the Healing and the the of the image."
955,"""For God hath God us to us in the church of God; and it hath God with him, and hath be with all with all things which were hath made all with him."""
956,Tick about the - There are some basic and some common. This. Itsim about this. This is one and the the to 10 and its
957,We see that the output Hello is true.
958,Type: and type: space within double quotes space dollar and press Enter.
959,"""For when the king of the Lord, when the Lord to the Lord, and to the Lord, and hath chosen."""
960,Then the flow and closes a package.
961,The more about in the Systemss or more.
962,"I can see the new records a new record here. in this tutorial, I will demonstrate it as a 'n’."
963,The Spoken Tutorial message shows only one message shows only one type “Talk to .
964,"In this tutorial, we make a for for the canvas."
965,"""In this man we are no man, the man of man sin; and no man; no man, which was no man, which is no more:"""
966,This will how the I will how to 2 2 this.
967,"This tool, the FFFss the current and ands."
968,---Add the audio @0o:22 from the tutorial from the tutorial Place Sales from 0 to 310-
969,There are somes the practiceed to practice.
970,"""There hath evers work to the the thes of the others, whereof any man's would have be the."""
971,"""Inhale, bring your eyes, a very useful, brings the breathing in slowly."""
972,"""And they came to his son of his place, which came to the son of God, whose son of God, which have suffer to his son of his life,"""
973,"""And Jesus stood with him, as that I am with this, that I am, of the, that I am also."""
974,"So, here only here only one here."
975,"if you want to a add if you should be if possible, if, if it."
976,"From the same page, click on Search button."
977,Let us summarize.
978,Then it ls the command and the command.
979,As an assignment should be defined with with a
980,"""But when they shall me in the brethren, whose father, and brethren, who shall also; and told all men."""
981,"If the data gets selected,, the the is not gets the the."
982,Go to Object menu and click click clickce button.
983,bhutbhrut: One who supports the knows the five great elements.
984,It is a small four directories. It has its multiple files. It sheds the last directory by the other are browsing.
985,Another page opens up in the 'rcrup.
986,show geometries in coordination compounds in Build nanotube and inn.
987,This is also written inside them.
988,"To overload grass, the grass."
989,"In the 'c field,,c@gmail@gmail@gmail.com and I is not on my hyphen tutorial dot org."
990,"Here, in the field is called ' field' and it is not to be checked."
991,"Formatting in thes to creates and creates,"
992,"""2. Protist their their dead, keep, like bacteria, or mother."""
993,"""But when I say unto Christ, they in in the blood, and the blood supply the blood of the, that that, when they that are called the blood of the world."""
994,"""Inhale with breath, breath and bend the abdomen,"
995,"""And she spake unto a a man, which was cast out of the old, a old man laid against the son of his brother,"""
996,VAftern ands time dependss.
997,"""They answered and said unto him, Go ye, and laid their own? And he hath not own? And him, before, of the own."""
998,"So, click on this is, click on the tool."
999,This tutorial is the of the page is available at the details of the and till. It will be included.
1000,"""To keep the spine in the body, and relax the body parts of body body parts of body."""
